restaurant_id,Restaurant ID,Restaurant Name,Country Code,City,Address,Locality,Locality Verbose,Longitude,Latitude,Cuisines,Average Cost for two,Currency,Has Table booking,Has Online delivery,Is delivering now,Switch to order menu,Price range,Aggregate rating,Rating color,Rating text,Votes,Country
RESTO2e9abb,17284404,Austin's BBQ and Oyster Bar,216,Albany,"2820 Meredyth Dr, Albany, GA 31707",Albany,"Albany, Albany",-84.221535,31.610387,"BBQ, Burger, Seafood",24.27,Euro(EUR),False,False,False,False,2,3.3,Orange,Average,35,United States
RESTO7559cd,17284203,BJ's Country Buffet,216,Albany,"2401 Dawson Rd, Albany, GA 31707",Albany,"Albany, Albany",-84.207095,31.608743,"American, BBQ",9.71,Euro(EUR),False,False,False,False,1,3.3,Orange,Average,25,United States
RESTOb994b4,17284397,Elements Coffee Co - Northwest,216,Albany,"2726 Ledo Rd Ste 10, Albany, GA 31707",Albany,"Albany, Albany",-84.206944,31.622412,"Coffee and Tea, Sandwich",9.71,Euro(EUR),False,False,False,False,1,3.4,Orange,Average,26,United States
RESTObeea2a,17284094,Chick-fil-A,216,Albany,"2703 Dawson Rd, Albany, GA 31707",Albany,"Albany, Albany",-84.2193,31.616,Fast Food,9.71,Euro(EUR),False,False,False,False,1,3.5,Yellow,Good,67,United States
RESTO6932c0,17284409,Guang Zhou Chinese Restaurant,216,Albany,"1214 N Westover Blvd, Albany, GA 31707",Albany,"Albany, Albany",-84.2091458,31.6155186,"Asian, Chinese, Vegetarian",9.71,Euro(EUR),False,False,False,False,1,3.9,Yellow,Good,141,United States
RESTOd80f5f,17284139,Harvest Moon,216,Albany,"2347 Dawson Road, Albany, GA 31707",Albany,"Albany, Albany",-84.205718,31.604905,"Pizza, Bar Food, Sandwich",24.27,Euro(EUR),False,False,False,False,2,3.7,Yellow,Good,147,United States
RESTOdccae2,17284403,Henry Campbell's Steakhouse,216,Albany,"629 N. Westover Blvd, Albany, GA 31707",Albany,"Albany, Albany",-84.223278,31.612121,"Steak, Tapas, Bar Food",67.97,Euro(EUR),False,False,False,False,4,3.5,Yellow,Good,51,United States
RESTO2594b8,17284145,Hong Kong Cafe,216,Albany,"2700 Dawson Rd, Albany, GA 31707",Albany,"Albany, Albany",-84.2191,31.6156,"Chinese, Seafood, Vegetarian",24.27,Euro(EUR),False,False,False,False,2,3.6,Yellow,Good,88,United States
RESTOcc1653,17284150,House of China Restaurant II,216,Albany,"2526 Dawson Rd Ste A, Albany, GA 31707",Albany,"Albany, Albany",-84.212,31.6104,Chinese,9.71,Euro(EUR),False,False,False,False,1,3.8,Yellow,Good,153,United States
RESTO5ca9a6,17284175,Locos Grill & Pub,216,Albany,"547 N Westover Blvd, Albany, GA 31707",Albany,"Albany, Albany",-84.2228,31.6077,"American, Burger, Sandwich",24.27,Euro(EUR),False,False,False,False,2,3.5,Yellow,Good,57,United States
RESTO4557d3,17284179,Longhorn Steakhouse,216,Albany,"2733 Dawson Rd, Albany, GA 31707",Albany,"Albany, Albany",-84.2229,31.6185,"American, Steak",24.27,Euro(EUR),False,False,False,False,2,3.5,Yellow,Good,58,United States
RESTO7bb5d6,17284197,Mikata Japanese Steakhouse,216,Albany,"2610 Dawson Rd, Albany, GA 31707",Albany,"Albany, Albany",-84.2164,31.6137,"Japanese, Steak, Sushi",38.84,Euro(EUR),False,False,False,False,3,3.6,Yellow,Good,115,United States
RESTO6cd78c,17284241,Shogun Japanese Steak House,216,Albany,"629 N Westover Blvd, Albany, GA 31707",Albany,"Albany, Albany",-84.2233,31.6118,"Japanese, Steak, Sushi",38.84,Euro(EUR),False,False,False,False,3,3.5,Yellow,Good,51,United States
RESTO6c7da7,17284390,The Catch Seafood Room & Oyster Bar,216,Albany,"2332 Whispering Pines Road, Albany, GA 31707",Albany,"Albany, Albany",-84.205025,31.605882,"Seafood, Tapas, Bar Food",38.84,Euro(EUR),False,False,False,False,3,3.8,Yellow,Good,250,United States
RESTO456c22,17284279,Villa Gargano,216,Albany,"1604 N Slappey Blvd, Albany, GA 31701",Albany,"Albany, Albany",-84.1757,31.5985,"Italian, Pizza",9.71,Euro(EUR),False,False,False,False,1,3.7,Yellow,Good,117,United States
RESTO8e9885,17284364,3 Squares Diner,216,Albany,"202 W Franklin St, Sylvester, GA 31791",Sylvester,"Sylvester, Albany",-83.8389,31.5308,"American, Breakfast, Diner",9.71,Euro(EUR),False,False,False,False,1,3.4,Orange,Average,20,United States
RESTOe0f859,17293281,Last Resort Grill,216,Athens,"184 W Clayton St, Athens, GA 30601",Athens,"Athens, Athens",-83.378273,33.957999,"American, Southern, Southwestern",38.84,Euro(EUR),False,False,False,False,3,4.5,Dark Green,Excellent,1821,United States
RESTO6e2198,17293301,Mama's Boy Restaurant,216,Athens,"197 Oak St, GA 30601",Athens,"Athens, Athens",-83.3654,33.9535,Southern,9.71,Euro(EUR),False,False,False,False,1,4.5,Dark Green,Excellent,849,United States
RESTOb4e151,17293409,Sr. Sol 1,216,Athens,"175 Tallassee Rd, Athens, GA 30606",Athens,"Athens, Athens",-83.4293,33.9652,Mexican,9.71,Euro(EUR),False,False,False,False,1,4.6,Dark Green,Excellent,917,United States
RESTO9f23b9,17293163,Choo Choo Eastside,216,Athens,"1055 Gaines School Rd Ste 100, Athens, GA 30605",Athens,"Athens, Athens",-83.3389,33.9259,"Japanese, Korean",9.71,Euro(EUR),False,False,False,False,1,3.9,Yellow,Good,439,United States
RESTO828124,17293228,The Grill,216,Athens,"171 College Ave, Athens, GA 30601",Athens,"Athens, Athens",-83.375523,33.958198,"Breakfast, Burger, Sandwich",9.71,Euro(EUR),False,False,False,False,1,3.7,Yellow,Good,289,United States
RESTO5085fd,17293880,Big City Bread Cafe,216,Athens,"393 N Finley St, Athens, GA 30601",Athens,"Athens, Athens",-83.384004,33.959392,"Breakfast, Sandwich",9.71,Euro(EUR),False,False,False,False,1,4.3,Green,Very Good,558,United States
RESTO4344ac,17293169,Clocked,216,Athens,"259 W Washington St, Athens, GA 30601",Athens,"Athens, Athens",-83.3797,33.9584,"American, Burger, Sandwich",9.71,Euro(EUR),False,False,False,False,1,4.2,Green,Very Good,613,United States
RESTOa4b678,17293186,DePalma's Italian Cafe - Downtown,216,Athens,"401 E Broad St, Athens, GA 30601",Athens,"Athens, Athens",-83.373596,33.958112,"American, Italian, Pizza",24.27,Euro(EUR),False,False,False,False,2,4.0,Green,Very Good,353,United States
RESTOa07c59,17293180,DePalma's Italian Cafe - East Side,216,Athens,"1965 Barnett Shoals Rd, Athens, GA 30605",Athens,"Athens, Athens",-83.33995,33.924275,"American, Italian, Pizza",24.27,Euro(EUR),False,False,False,False,2,4.1,Green,Very Good,387,United States
RESTOc36cbb,17293205,Five & Ten,216,Athens,"1073 South Milledge Ave, Athens, GA 30605",Athens,"Athens, Athens",-83.3872482,33.9415545,American,38.84,Euro(EUR),False,False,False,False,3,4.3,Green,Very Good,755,United States
RESTO4ba373,17293229,Grit,216,Athens,"199 Prince Ave, Athens, GA 30601",Athens,"Athens, Athens",-83.381625,33.960112,"International, Southern, Vegetarian",9.71,Euro(EUR),False,False,False,False,1,4.2,Green,Very Good,800,United States
RESTOfd4e65,17293897,Ike & Jane,216,Athens,"1307 Prince Ave, Athens, GA 30606",Athens,"Athens, Athens",-83.400887,33.963296,Sandwich,9.71,Euro(EUR),False,False,False,False,1,4.1,Green,Very Good,350,United States
RESTO0f34ed,17293273,La Dolce Vita Ristorante,216,Athens,"323 E Broad St, Athens, GA 30601",Athens,"Athens, Athens",-83.4075,33.9584,Italian,38.84,Euro(EUR),False,False,False,False,3,4.1,Green,Very Good,464,United States
RESTO7d92fe,17293870,Shokitini,216,Athens,"251 W Clayton St, Athens, GA 30601",Athens,"Athens, Athens",-83.379251,33.957503,"Asian, Japanese, Sushi",24.27,Euro(EUR),False,False,False,False,2,4.2,Green,Very Good,550,United States
RESTO398837,17293877,Taqueria Del Sol,216,Athens,"334 Prince Ave, Athens, GA 30601",Athens,"Athens, Athens",-83.383605,33.960571,"Mexican, Spanish",9.71,Euro(EUR),False,False,False,False,1,4.1,Green,Very Good,543,United States
RESTOaadf02,17293890,The National,216,Athens,"232 W. Hancock Ave., Athens, GA 30601",Athens,"Athens, Athens",-83.37967,33.959468,"International, Southern",38.84,Euro(EUR),False,False,False,False,3,4.1,Green,Very Good,465,United States
RESTO081aa2,17293915,The Royal Peasant,216,Athens,"1675 S. Lumpkin St., Athens, GA 30606",Athens,"Athens, Athens",-83.38728,33.937502,Bar Food,9.71,Euro(EUR),False,False,False,False,1,4.4,Green,Very Good,546,United States
RESTO19f1d9,17293422,Transmetropolitan,216,Athens,"145 E Clayton St, Athens, GA 30601",Athens,"Athens, Athens",-83.3764,33.9584,"Italian, Pizza, Sandwich",9.71,Euro(EUR),False,False,False,False,1,4.4,Green,Very Good,1098,United States
RESTO7a5511,17293873,Trappeze Pub,216,Athens,"269 N Hull St, Athens, GA 30601",Athens,"Athens, Athens",-83.378881,33.958363,"Burger, Bar Food",24.27,Euro(EUR),False,False,False,False,2,4.2,Green,Very Good,579,United States
RESTO36ccad,17294014,Viva! Argentine Cuisine,216,Athens,"247 Prince Ave, Athens, GA 30601",Athens,"Athens, Athens",-83.3828224,33.9600227,"Desserts, Latin American, Argentine",9.71,Euro(EUR),False,False,False,False,1,4.1,Green,Very Good,374,United States
RESTOcb8b38,17061237,Ceviche Tapas Bar & Restaurant,216,Orlando,"125 West Church Street, Orlando, FL 32801",Church Street District,"Church Street District, Orlando",-81.381077,28.540432,"Spanish, Tapas",38.84,Euro(EUR),False,False,False,False,3,4.4,Green,Very Good,981,United States
RESTOc6794c,17057397,'Ohana,216,Orlando,"1600 Seven Seas Drive, Lake Buena Vista, FL 32830",Disney World Area,"Disney World Area, Orlando",-81.585226,28.405437,Hawaiian,43.69,Euro(EUR),False,False,False,False,3,4.5,Dark Green,Excellent,1151,United States
RESTOf7a05e,17058534,Earl of Sandwich,216,Orlando,"1750 E Buena Vista Drive, Lake Buena Vista, FL 32830",Disney: Downtown Disney,"Disney: Downtown Disney, Orlando",-81.514608,28.372858,"American, Sandwich, Salad",33.98,Euro(EUR),False,False,False,False,3,4.7,Dark Green,Excellent,1341,United States
RESTOaf4c34,17060320,Raglan Road Irish Pub and Restaurant,216,Orlando,"1640 E Buena Vista Drive, Lake Buena Vista, FL 32830",Disney: Downtown Disney,"Disney: Downtown Disney, Orlando",-81.517725,28.371338,Irish,48.55,Euro(EUR),False,False,False,False,4,4.3,Green,Very Good,782,United States
RESTO65bab9,17057925,Café Tu Tu Tango,216,Orlando,"8625 International Drive, Orlando, FL 32819",I-Drive/Universal,"I-Drive/Universal, Orlando",-81.469986,28.440344,"New American, Tapas",38.84,Euro(EUR),False,False,False,False,3,4.6,Dark Green,Excellent,1293,United States
RESTOd72eef,17060869,Texas de Brazil,216,Orlando,"5259 International Drive, Orlando, FL 32819",I-Drive/Universal,"I-Drive/Universal, Orlando",-81.4510725,28.4676808,"Brazilian, Steak",97.1,Euro(EUR),False,False,False,False,4,4.6,Dark Green,Excellent,2324,United States
RESTOe9f218,17057591,Bahama Breeze Island Grille,216,Orlando,"8849 International Drive, Orlando, FL 32819",I-Drive/Universal,"I-Drive/Universal, Orlando",-81.471526,28.437065,Caribbean,43.69,Euro(EUR),False,False,False,False,3,4.3,Green,Very Good,910,United States
RESTO9cc074,17059541,Maggiano's Little Italy,216,Orlando,"9101 International Drive,Orlando, FL 32819",I-Drive/Universal,"I-Drive/Universal, Orlando",-81.471447,28.433235,Italian,48.55,Euro(EUR),False,False,False,False,4,4.4,Green,Very Good,886,United States
RESTOc8b227,17064266,Hawkers Asian Street Fare,216,Orlando,"1103 N Mills Avenue, Orlando, FL 32803",Mills 50,"Mills 50, Orlando",-81.364347,28.560505,"Asian, Thai",33.98,Euro(EUR),False,False,False,False,3,4.6,Dark Green,Excellent,1293,United States
RESTO7ec949,17064405,Tako Cheena by Pom Pom,216,Orlando,"932 North Mills Avenue, Orlando, FL 32803",Mills 50,"Mills 50, Orlando",-81.364547,28.557845,"Asian, Latin American, Vegetarian",9.71,Euro(EUR),False,False,False,False,1,4.4,Green,Very Good,570,United States
RESTO4a52ca,17060516,Seasons 52 Fresh Grill,216,Orlando,"7700 West Sand Lake Road, Orlando, FL 32819",Restaurant Row,"Restaurant Row, Orlando",-81.487978,28.448175,American,58.26,Euro(EUR),False,False,False,False,4,4.4,Green,Very Good,1685,United States
RESTOcca63e,17059012,Hollerbach's Willow Tree Café,216,Orlando,"205 East 1st Street, Sanford, FL 32771",Sanford,"Sanford, Orlando",-81.266871,28.811653,German,38.84,Euro(EUR),False,False,False,False,3,4.8,Dark Green,Excellent,1699,United States
RESTO4ba477,17061296,Pom Pom's Teahouse and Sandwicheria,216,Orlando,"67 North Bumby Avenue, Orlando, FL 32803",The Milk District,"The Milk District, Orlando",-81.351467,28.543571,"American, Sandwich, Tea",24.27,Euro(EUR),False,False,False,False,2,4.9,Dark Green,Excellent,1457,United States
RESTOa75c9b,17061205,Yellow Dog Eats,216,Orlando,"1236 Hempel Avenue,Gotha, FL 34786",Windermere,"Windermere, Orlando",-81.522987,28.527592,"American, BBQ, Sandwich",33.98,Euro(EUR),False,False,False,False,3,4.9,Dark Green,Excellent,1252,United States
RESTO0e872e,17064031,Tibby's New Orleans Kitchen,216,Orlando,"2203 Aloma Avenue, Winter Park, FL 32792",Winter Park,"Winter Park, Orlando",-81.322631,28.601088,Cajun,24.27,Euro(EUR),False,False,False,False,2,4.7,Dark Green,Excellent,1412,United States
RESTOb23e8f,17066603,The Coop,216,Orlando,"610 W Morse Boulevard, Winter Park, FL 32789",Winter Park,"Winter Park, Orlando",-81.357219,28.597366,"Southern, Cajun, Soul Food",24.27,Euro(EUR),False,False,False,False,2,3.6,Yellow,Good,432,United States
RESTO4a0ee9,17057797,Bosphorous Turkish Cuisine,216,Orlando,"108 S Park Ave, Winter Park, FL 32789",Winter Park,"Winter Park, Orlando",-81.3508344,28.5976271,"Mediterranean, Turkish",38.84,Euro(EUR),False,False,False,False,3,4.2,Green,Very Good,568,United States
RESTOe13c08,17061253,Ethos Vegan Kitchen,216,Orlando,"601-B South New York Avenue, Winter Park, FL 32789",Winter Park,"Winter Park, Orlando",-81.352921,28.592857,"American, Breakfast, Vegetarian",24.27,Euro(EUR),False,False,False,False,2,4.4,Green,Very Good,797,United States
RESTO94ed61,17061231,The Ravenous Pig,216,Orlando,"565 W Fairbanks Avenue, Winter Park, FL 32789",Winter Park,"Winter Park, Orlando",-81.356024,28.593297,Pub Food,38.84,Euro(EUR),False,False,False,False,3,4.4,Green,Very Good,1998,United States
RESTOfd0c3a,17615915,The Lady & Sons,216,Savannah,"102 W Congress St, Savannah, GA 31401",Savannah,"Savannah, Savannah",-81.0954,32.0804,Southern,38.84,Euro(EUR),False,False,False,False,3,3.3,Orange,Average,1201,United States
RESTOc8aac6,17616487,Green Truck Pub,216,Savannah,"2430 Habersham Street, Savannah, GA 31401",Savannah,"Savannah, Savannah",-81.096647,32.052858,Burger,38.84,Euro(EUR),False,False,False,False,3,4.7,Dark Green,Excellent,906,United States
RESTO94f0ee,17615924,Leopold's Ice Cream,216,Savannah,"212 E Broughton Street, Savannah, GA 31401",Savannah,"Savannah, Savannah",-81.0894,32.0785,"Desserts, Sandwich, Ice Cream",9.71,Euro(EUR),False,False,False,False,1,4.6,Dark Green,Excellent,880,United States
RESTOe7884f,17615979,Mrs. Wilkes' Dining Room,216,Savannah,"107 W Jones St, Savannah, GA 31401",Savannah,"Savannah, Savannah",-81.0955,32.0727,"American, Southern",38.84,Euro(EUR),False,False,False,False,3,4.5,Dark Green,Excellent,1014,United States
RESTO3e556d,17616266,Zunzi's,216,Savannah,"108 E York Street, Savannah, GA 31401",Savannah,"Savannah, Savannah",-81.0911,32.0775,"International, Mediterranean, Sandwich",24.27,Euro(EUR),False,False,False,False,2,4.5,Dark Green,Excellent,796,United States
RESTOd8461a,17615976,Moon River Brewing Company,216,Savannah,"21 W Bay St, Savannah, GA 31401",Savannah,"Savannah, Savannah",-81.0916,32.0809,"American, Bar Food, Sandwich",24.27,Euro(EUR),False,False,False,False,2,3.7,Yellow,Good,747,United States
RESTOf22345,17616025,Pirates' House Restaurant,216,Savannah,"20 E Broad St, Savannah, GA 31401",Savannah,"Savannah, Savannah",-81.0844,32.0782,"American, Seafood, Steak",38.84,Euro(EUR),False,False,False,False,3,3.8,Yellow,Good,566,United States
RESTOdc5d62,17615597,B. Matthew's Eatery,216,Savannah,"325 E Bay St, Savannah, GA 31401",Savannah,"Savannah, Savannah",-81.0875,32.0798,"American, Breakfast",24.27,Euro(EUR),False,False,False,False,2,4.1,Green,Very Good,683,United States
RESTO35a314,17615740,Crystal Beer Parlor,216,Savannah,"301 W Jones St, Savannah, GA 31401",Savannah,"Savannah, Savannah",-81.0979,32.0735,"American, Bar Food",24.27,Euro(EUR),False,False,False,False,2,4.4,Green,Very Good,690,United States
RESTO195104,17616203,Goose Feathers Cafe and Bakery,216,Savannah,"39 Barnard St, Savannah, GA 31401",Savannah,"Savannah, Savannah",-81.0941,32.0801,"Breakfast, Vegetarian",9.71,Euro(EUR),False,False,False,False,1,4.2,Green,Very Good,680,United States
RESTOb60ad5,17616590,Henry's,216,Savannah,"28 Drayton St, Savannah, GA 31401",Savannah,"Savannah, Savannah",-81.0905213,32.0794767,"American, Breakfast",9.71,Euro(EUR),False,False,False,False,1,4.1,Green,Very Good,287,United States
RESTOa91a04,17615855,Huey's On The River,216,Savannah,"115 E River St, Savannah, GA 31401",Savannah,"Savannah, Savannah",-81.0897,32.0812,"Breakfast, Cajun",38.84,Euro(EUR),False,False,False,False,3,4.1,Green,Very Good,802,United States
RESTOa23707,17616348,J. Christopher's,216,Savannah,"122 E. Liberty, Savannah, GA 31401",Savannah,"Savannah, Savannah",-81.091482,32.074495,"Breakfast, Diner, Sandwich",24.27,Euro(EUR),False,False,False,False,2,4.3,Green,Very Good,710,United States
RESTOd753f5,17616368,Lulu's Chocolate Bar,216,Savannah,"42 MLK Jr. Blvd, Savannah, GA 31401",Savannah,"Savannah, Savannah",-81.097051,32.080742,"Coffee and Tea, Desserts",9.71,Euro(EUR),False,False,False,False,1,4.3,Green,Very Good,456,United States
RESTOd770b1,17616400,Rocks on the River,216,Savannah,"102 West Bay St., Savannah, GA 31401",Savannah,"Savannah, Savannah",-81.092484,32.081394,"Pizza, Seafood, Steak",67.97,Euro(EUR),False,False,False,False,4,4.0,Green,Very Good,687,United States
RESTO70f56f,17616076,SOHO South Cafe,216,Savannah,"12 W Liberty St, Savannah, GA 31401",Savannah,"Savannah, Savannah",-81.0939,32.0747,"Cafe, Sandwich, Southern",24.27,Euro(EUR),False,False,False,False,2,4.3,Green,Very Good,719,United States
RESTOc7bf2a,17616205,The Olde Pink House,216,Savannah,"23 Abercorn St, Savannah, GA 31401",Savannah,"Savannah, Savannah",-81.0897,32.0798,"American, Seafood, Southern",67.97,Euro(EUR),False,False,False,False,4,4.4,Green,Very Good,1803,United States
RESTO54d3d5,17616222,Vic's On The River,216,Savannah,"26 E Bay St, Savannah, GA 31401",Savannah,"Savannah, Savannah",-81.0908,32.0809,American,67.97,Euro(EUR),False,False,False,False,4,4.1,Green,Very Good,558,United States
RESTO0b23f2,17616295,The Crab Shack,216,Savannah,"40 Estill Hammock Rd, Tybee Island, GA 31328",Tybee Island,"Tybee Island, Savannah",-80.865909,32.011689,Seafood,38.84,Euro(EUR),False,False,False,False,3,3.8,Yellow,Good,883,United States
RESTO276294,18212135,Denny's,214,Abu Dhabi,"Abu Dhabi Mall, Tourist Club Area (Al Zahiyah), Abu Dhabi","Abu Dhabi Mall, Tourist Club Area  (Al Zahiyah)","Abu Dhabi Mall, Tourist Club Area  (Al Zahiyah), Abu Dhabi",54.38279729,24.49550307,American,47.5,Euro(EUR),False,False,False,False,4,4.6,Dark Green,Excellent,207,United Arab Emirates
RESTO140db6,5704255,Famous Dave's Barbecue,214,Abu Dhabi,"Near The One, Level 3, Abu Dhabi Mall, Tourist Club Area (Al Zahiyah), Abu Dhabi","Abu Dhabi Mall, Tourist Club Area  (Al Zahiyah)","Abu Dhabi Mall, Tourist Club Area  (Al Zahiyah), Abu Dhabi",54.38294616,24.49569253,American,65.0,Euro(EUR),False,True,False,False,4,4.6,Dark Green,Excellent,376,United Arab Emirates
RESTO055a82,5701978,Pizza Di Rocco,214,Abu Dhabi,"Near Corner of Salam and Al Falah Street (9th Street), Salam Street, Al Dhafrah, Abu Dhabi",Al Dhafrah,"Al Dhafrah, Abu Dhabi",54.38193094,24.48557932,"Italian, Pizza",37.5,Euro(EUR),True,True,False,False,3,4.4,Green,Very Good,471,United Arab Emirates
RESTOb730ce,5701729,Sofra Istanbul,214,Abu Dhabi,"Next to ADNOC Petrol Station, Muroor Road, Al Dhafrah, Abu Dhabi",Al Dhafrah,"Al Dhafrah, Abu Dhabi",54.37127855,24.47756501,"Turkish, Arabian, Middle Eastern",17.5,Euro(EUR),False,False,False,False,2,4.3,Green,Very Good,224,United Arab Emirates
RESTOb0e7fa,5704168,Salt,214,Abu Dhabi,"Inside Mushrif Park, Al Mushrif, Abu Dhabi",Al Mushrif,"Al Mushrif, Abu Dhabi",54.38080709,24.4543119,"Fast Food, Burger",25.0,Euro(EUR),False,False,False,False,3,4.2,Green,Very Good,228,United Arab Emirates
RESTOe3b1fe,18277098,Genghis Grill,214,Abu Dhabi,"Level 2, Al Wahda Mall New Extension, Al Wahda, Abu Dhabi","Al Wahda Mall, Al Wahda","Al Wahda Mall, Al Wahda, Abu Dhabi",54.37500816,24.47083582,Asian,45.0,Euro(EUR),False,False,False,False,4,4.6,Dark Green,Excellent,81,United Arab Emirates
RESTO5f0517,5701446,Olive Garden,214,Abu Dhabi,"Level 3, Al Wahda Mall Extension, Al Wahda, Abu Dhabi","Al Wahda Mall, Al Wahda","Al Wahda Mall, Al Wahda, Abu Dhabi",54.37332205,24.46936983,"Italian, Pizza",57.5,Euro(EUR),False,False,False,False,4,4.1,Green,Very Good,422,United Arab Emirates
RESTO04a07c,5700052,Cho Gao - Crowne Plaza Abu Dhabi,214,Abu Dhabi,"Crowne Plaza Abu Dhabi, Sheikh Hamdan Bin Mohammed Street, Al Markaziya, Abu Dhabi","Crowne Plaza Abu Dhabi, Al Markaziya","Crowne Plaza Abu Dhabi, Al Markaziya, Abu Dhabi",54.365694,24.491235,"Thai, Japanese, Chinese, Indonesian, Vietnamese",87.5,Euro(EUR),True,True,False,False,4,4.4,Green,Very Good,246,United Arab Emirates
RESTO9f8010,5702418,Gazebo,214,Abu Dhabi,"Ground Level, Next to E-Max, Dalma Mall, Mussafah Sanaiya, Abu Dhabi","Dalma Mall, Mussafah Sanaiya","Dalma Mall, Mussafah Sanaiya, Abu Dhabi",54.52412188,24.33421694,"Indian, North Indian, Mughlai, Biryani",30.0,Euro(EUR),True,True,False,False,3,4.0,Green,Very Good,355,United Arab Emirates
RESTO735bad,5700386,Sangeetha Vegetarian Restaurant,214,Abu Dhabi,"Opposite Cristal Hotel, Behind KM Trading, Electra Street, Madinat Zayed, Abu Dhabi",Madinat Zayed,"Madinat Zayed, Abu Dhabi",54.36377607,24.48525254,"Indian, South Indian",15.0,Euro(EUR),False,True,False,False,2,3.6,Yellow,Good,268,United Arab Emirates
RESTO8fb87e,5704202,Hot Palayok,214,Abu Dhabi,"Food Court, Level 2, Madinat Zayed Shopping Centre, Madinat Zayed, Abu Dhabi","Madinat Zayed Shopping Centre, Madinat Zayed ","Madinat Zayed Shopping Centre, Madinat Zayed , Abu Dhabi",54.36615754,24.48277094,"Filipino, Japanese, Asian",25.0,Euro(EUR),False,True,False,False,3,4.5,Dark Green,Excellent,162,United Arab Emirates
RESTOd06a03,5701052,Applebee's,214,Abu Dhabi,"Level 3, Mushrif Mall, Al Mushrif, Abu Dhabi","Mushrif Mall, Al Mushrif","Mushrif Mall, Al Mushrif, Abu Dhabi",54.41314146,24.43409939,"American, Mexican, Seafood",62.5,Euro(EUR),False,True,False,False,4,4.0,Green,Very Good,205,United Arab Emirates
RESTO1bb87c,5704118,Tikka Tonight,214,Abu Dhabi,"Behind RAK Bank, Sanaiya ME11, Mussafah Sanaiya, Abu Dhabi",Mussafah Sanaiya,"Mussafah Sanaiya, Abu Dhabi",54.51003961,24.36312973,"Pakistani, Afghani, Indian, Hyderabadi",12.5,Euro(EUR),False,True,False,False,2,4.0,Green,Very Good,277,United Arab Emirates
RESTO36fc48,5701548,Bait El Khetyar,214,Abu Dhabi,"Al Najda Street, Najda, Abu Dhabi",Najda,"Najda, Abu Dhabi",54.37143378,24.48841145,"Lebanese, Arabian, Middle Eastern",17.5,Euro(EUR),False,True,False,False,2,4.0,Green,Very Good,380,United Arab Emirates
RESTOf1bf09,18235425,Indian By Nature,214,Abu Dhabi,"Shop 2-3, Tolico Building, Behind Lebanese Roastery, Near National Hospital, Najda, Abu Dhabi",Najda,"Najda, Abu Dhabi",54.37324997,24.48959102,Indian,20.0,Euro(EUR),True,True,False,False,3,4.3,Green,Very Good,180,United Arab Emirates
RESTO997655,5702615,Via Delhi,214,Abu Dhabi,"Near First Flight Couriers, Behind ADNOC Head Office, Salam Street, Najda Area, Najda, Abu Dhabi",Najda,"Najda, Abu Dhabi",54.37422059,24.49089202,"Indian, North Indian, Chinese",25.0,Euro(EUR),False,True,False,False,3,4.0,Green,Very Good,525,United Arab Emirates
RESTOda17c4,5703500,Punjab Grill,214,Abu Dhabi,"Venetian Village, Ritz Carlton Abu Dhabi, Grand Canal, Al Maqtaa, Abu Dhabi","Venetian Village, Al Maqtaa","Venetian Village, Al Maqtaa, Abu Dhabi",54.4872137,24.4106148,"Indian, North Indian",82.5,Euro(EUR),True,False,False,False,4,4.9,Dark Green,Excellent,216,United Arab Emirates
RESTO0887bb,18253896,Tamba,214,Abu Dhabi,"6th Floor, World Trade Centre Mall, Al Markaziya, Abu Dhabi","World Trade Center Mall, Al Markaziya","World Trade Center Mall, Al Markaziya, Abu Dhabi",54.358147,24.488161,Indian,125.0,Euro(EUR),True,False,False,False,4,4.7,Dark Green,Excellent,201,United Arab Emirates
RESTOe9ac97,5701917,P.F. Chang's,214,Abu Dhabi,"Level 1, World Trade Center Mall, Central Market, Al Markaziya, Abu Dhabi","World Trade Center Mall, Al Markaziya","World Trade Center Mall, Al Markaziya, Abu Dhabi",54.35782894,24.48761082,Chinese,62.5,Euro(EUR),False,False,False,False,4,4.2,Green,Very Good,435,United Arab Emirates
RESTOb0394c,5702574,The Cheesecake Factory,214,Abu Dhabi,"Level 1, Yas Mall, Yas Leisure Dr, Yas Island, Abu Dhabi","Yas Mall, Yas Island","Yas Mall, Yas Island, Abu Dhabi",54.60685361,24.49053138,"American, Desserts",50.0,Euro(EUR),False,False,False,False,4,4.6,Dark Green,Excellent,586,United Arab Emirates
RESTO301769,202321,The Farm,214,Dubai,"Al Barari Villas, Opposite Falcon City, Al Barari, Dubai",Al Barari,"Al Barari, Dubai",55.310519,25.095044,"Mediterranean, Italian, Thai, European",70.0,Euro(EUR),True,False,False,False,3,3.9,Yellow,Good,927,United Arab Emirates
RESTO157846,206488,Maharaja Bhog,214,Dubai,"Ground Level, Hamsah Mall, Next to Ansar Gallery, Al Karama, Dubai",Al Karama,"Al Karama, Dubai",55.30919038,25.25124063,"Indian, Rajasthani",22.5,Euro(EUR),True,True,False,False,2,4.1,Green,Very Good,1448,United Arab Emirates
RESTO19112a,209654,Rasoi Ghar,214,Dubai,"Zainal Mohebi Plaza, Sheikh Khalifa Bin Zayed Road, Opposite Centrepoint, Al Karama, Dubai",Al Karama,"Al Karama, Dubai",55.3019169,25.25007862,Indian,22.5,Euro(EUR),True,True,False,False,2,4.3,Green,Very Good,1281,United Arab Emirates
RESTO2fc452,18340881,Barbeque Nation,214,Dubai,"G1, Villa, Near HQ Fitness, Near Lulu Mall, Barsha 2, Dubai",Barsha 2,"Barsha 2, Dubai",55.215341,25.11338,"Indian, North Indian",37.5,Euro(EUR),True,False,False,False,3,4.5,Dark Green,Excellent,307,United Arab Emirates
RESTO8b1c60,18233284,Farzi Cafe,214,Dubai,"CITY WALK, Al Safa & Al Wasl Road Intersection, Al Safa, Dubai","CITY WALK, Al Safa","CITY WALK, Al Safa, Dubai",55.26191946,25.2080323,"International, Indian",50.0,Euro(EUR),True,False,False,False,3,4.5,Dark Green,Excellent,909,United Arab Emirates
RESTO879f0f,18269368,AB's Absolute Barbecues,214,Dubai,"Mezzanaine Floor, Centurion Star Tower, Deira City Centre Area, Dubai",Deira City Centre Area,"Deira City Centre Area, Dubai",55.32874,25.254105,"Continental, Indian",40.0,Euro(EUR),True,False,False,False,3,4.9,Dark Green,Excellent,641,United Arab Emirates
RESTOc811dd,18254160,Carnival By Tresind,214,Dubai,"Podium Level, Burj Daman, DIFC, Dubai",DIFC,"DIFC, Dubai",55.281966,25.211183,Indian,125.0,Euro(EUR),True,False,False,False,4,4.9,Dark Green,Excellent,322,United Arab Emirates
RESTOd4a290,208939,AB's Absolute Barbecues,214,Dubai,"Shop G05, Sidra Tower, Near GEMS Wellington School, Exit 36, Sheikh Zayed Road, Dubai Media City, Dubai",Dubai Media City,"Dubai Media City, Dubai",55.17874617,25.10777315,"Indian, Continental",40.0,Euro(EUR),True,False,False,False,3,4.8,Dark Green,Excellent,2510,United Arab Emirates
RESTO82af76,201531,Hard Rock Cafe,214,Dubai,"Next to Marks & Spencer's, Festival City, Dubai",Festival City,"Festival City, Dubai",55.35147775,25.22399154,"American, Burger",75.0,Euro(EUR),False,False,False,False,4,4.5,Dark Green,Excellent,1388,United Arab Emirates
RESTO588994,208965,The Coffee Club,214,Dubai,"Wasl Vita, Opposite Civil Defence Station, Near Emirates NBD, Al Wasl Road, Jumeirah 1, Dubai",Jumeirah 1,"Jumeirah 1, Dubai",55.25639722,25.21110278,Cafe,35.0,Euro(EUR),False,True,False,False,3,4.5,Dark Green,Excellent,403,United Arab Emirates
RESTO3e2212,208778,SALT,214,Dubai,"Kite Beach, Street 2D, Umm Suqeim, Dubai","Kite Beach, Umm Suqeim","Kite Beach, Umm Suqeim, Dubai",55.21152779,25.16812806,"Fast Food, Burger",25.0,Euro(EUR),False,False,False,False,3,4.3,Green,Very Good,1351,United Arab Emirates
RESTO4b852f,209703,Din Tai Fung,214,Dubai,"Level 2 Expansion, Mall of the Emirates, Barsha 1, Dubai","Mall of the Emirates, Barsha 1","Mall of the Emirates, Barsha 1, Dubai",55.19854523,25.11851301,"Asian, Chinese",40.0,Euro(EUR),False,False,False,False,3,4.3,Green,Very Good,661,United Arab Emirates
RESTO265fd6,18381837,SpiceKlub,214,Dubai,"Opposite Aster Hospital, Near Sharaf DG, Kuwait Street, Mankhool, Dubai",Mankhool,"Mankhool, Dubai",55.288061,25.252054,"Indian, North Indian, Street Food",37.5,Euro(EUR),True,False,False,False,3,4.4,Green,Very Good,281,United Arab Emirates
RESTO3ecf6c,208850,Tresind - Nassima Royal Hotel,214,Dubai,"Level 2, Nassima Royal Hotel, Sheikh Zayad Road, Trade Centre Area, Dubai","Nassima Royal Hotel, Trade Centre Area","Nassima Royal Hotel, Trade Centre Area, Dubai",55.28256778,25.22347744,Indian,125.0,Euro(EUR),True,False,False,False,4,4.9,Dark Green,Excellent,1352,United Arab Emirates
RESTOcf3e0c,210134,Grand Barbeque Buffet Restaurant,214,Dubai,"Al Mina Road, Next to Ibis Styles Jumeirah Hotel, Satwa, Dubai",Satwa,"Satwa, Dubai",55.27340334,25.24107351,"Indian, Asian",37.5,Euro(EUR),True,True,False,False,3,4.4,Green,Very Good,552,United Arab Emirates
RESTOd65a0c,201044,Red Lobster,214,Dubai,"Near the Fountain, Lower Ground Level, The Dubai Mall, Downtown Dubai, Dubai","The Dubai Mall,Downtown Dubai","The Dubai Mall,Downtown Dubai, Dubai",55.278525,25.198291,"Seafood, American",71.25,Euro(EUR),False,False,False,False,3,3.2,Orange,Average,506,United Arab Emirates
RESTOeaf22e,201340,The Cheesecake Factory,214,Dubai,"Ground Level, Near Aquarium, The Dubai Mall, Downtown Dubai, Dubai","The Dubai Mall,Downtown Dubai","The Dubai Mall,Downtown Dubai, Dubai",55.27856994,25.19726756,"American, Desserts",67.5,Euro(EUR),False,False,False,False,3,4.7,Dark Green,Excellent,2424,United Arab Emirates
RESTO91daaa,18289126,Parker's,214,Dubai,"The Dubai Mall, Downtown Dubai, Dubai","The Dubai Mall,Downtown Dubai","The Dubai Mall,Downtown Dubai, Dubai",55.27927805,25.19500831,"Cafe, Burger",42.5,Euro(EUR),False,False,False,False,3,4.3,Green,Very Good,386,United Arab Emirates
RESTO64fcf0,202507,Applebee's,214,Dubai,"Sheikh Issa Tower, Sheikh Zayed Road, Trade Centre Area, Dubai",Trade Centre Area,"Trade Centre Area, Dubai",55.27430557,25.21135663,"American, Mexican, Burger",62.5,Euro(EUR),False,True,False,False,3,3.7,Yellow,Good,500,United Arab Emirates
RESTObe3105,210139,Grub Shack,214,Dubai,"Building 41, Next to Dubai Healthcare City Metro Station, Dubai Healthcare City, Umm Hurair, Dubai",Umm Hurair,"Umm Hurair, Dubai",55.32548446,25.22931113,"Goan, Chinese, Indian, North Indian",32.5,Euro(EUR),True,True,False,False,3,4.3,Green,Very Good,544,United Arab Emirates
RESTOa8aed7,5600424,Kamat,214,Sharjah,"Opposite HSBC, Near Emax, King Faisal Street, Abu Shagara, Sharjah",Abu Shagara,"Abu Shagara, Sharjah",55.39273214,25.33315516,"Indian, North Indian, South Indian, Chinese",21.25,Euro(EUR),False,True,False,False,3,3.9,Yellow,Good,285,United Arab Emirates
RESTO8dd5c7,5602751,Vadakkan Pepper,214,Sharjah,"Near New City Center Supermarket, Abu Shagara, Sharjah",Abu Shagara,"Abu Shagara, Sharjah",55.396984,25.338089,South Indian,17.5,Euro(EUR),False,True,False,False,3,3.8,Yellow,Good,210,United Arab Emirates
RESTOaeb26f,5600457,Gazebo,214,Sharjah,"Opposite Safeer Market, Near E max, King Faisal Street, Abu Shagara, Sharjah",Abu Shagara,"Abu Shagara, Sharjah",55.39269626,25.33320395,"Indian, Mughlai, South Indian, Biryani",30.0,Euro(EUR),False,True,False,False,4,4.1,Green,Very Good,372,United Arab Emirates
RESTO5a686e,5600642,Katis Restaurant,214,Sharjah,"Opposite Safeer Market, Al Khan Street, Al Khan, Sharjah",Al Khan,"Al Khan, Sharjah",55.37637066,25.32578908,"Indian, North Indian, Chinese",16.25,Euro(EUR),False,False,False,False,3,4.3,Green,Very Good,316,United Arab Emirates
RESTOb6c4d5,18268134,Zaroob,214,Sharjah,"Al Buhaira Corniche Street, Al Majaz Water Front, Al Majaz, Sharjah",Al Majaz,"Al Majaz, Sharjah",55.38474888,25.32451353,Lebanese,27.5,Euro(EUR),False,True,False,False,4,3.9,Yellow,Good,69,United Arab Emirates
RESTO27b574,18376208,Derby,214,Sharjah,"Al Khan Street, Al Majaz 3, Al Majaz, Sharjah",Al Majaz,"Al Majaz, Sharjah",55.37086055,25.33045321,"Fast Food, American",10.0,Euro(EUR),False,False,False,False,2,4.1,Green,Very Good,33,United Arab Emirates
RESTO68b104,5600959,Nayaab Haandi,214,Sharjah,"Near Etisalat Business Center, Opposite ADNOC Petrol Station, Al Khan Street, Al Majaz 2, Al Majaz, Sharjah",Al Majaz,"Al Majaz, Sharjah",55.37552107,25.32813499,"Pakistani, Indian",25.0,Euro(EUR),False,True,False,False,4,4.1,Green,Very Good,449,United Arab Emirates
RESTOccd6e8,5600103,Najmat Lahore Restaurant,214,Sharjah,"Near Sharjah Animal Market, Al Mina Road, Al Mareija, Sharjah",Al Mareija,"Al Mareija, Sharjah",55.38215585,25.35508316,"Pakistani, Indian, Mughlai",20.0,Euro(EUR),False,True,False,False,3,4.2,Green,Very Good,504,United Arab Emirates
RESTO7f67bf,5602586,Saffron,214,Sharjah,"Mina Road, Opposite Bird Market, Al Mareija, Sharjah",Al Mareija,"Al Mareija, Sharjah",55.38290787,25.35443539,"Pakistani, Chinese, Indian, Afghani",22.5,Euro(EUR),False,True,False,False,3,4.1,Green,Very Good,192,United Arab Emirates
RESTO07f7d8,5600961,Pizza Hut,214,Sharjah,"Next to Safeer Mall, Al Nahda, Sharjah",Al Nahda,"Al Nahda, Sharjah",55.37454341,25.30564046,"Fast Food, Pizza",20.0,Euro(EUR),False,False,False,False,3,2.4,Red,Poor,154,United Arab Emirates
RESTOeed311,5600960,Al Mukhtar Bakery,214,Sharjah,"Near Safeer Mall, Al Nahda, Sharjah",Al Nahda,"Al Nahda, Sharjah",55.37728127,25.3084117,"Bakery, Arabian, Middle Eastern",12.5,Euro(EUR),False,False,False,False,2,4.2,Green,Very Good,142,United Arab Emirates
RESTO865eb2,5601340,Aroos Damascus,214,Sharjah,"Opposite Emirates NBD, Near First Gulf Bank, King Abdul Aziz Street, Al Nud, Sharjah",Al Nud,"Al Nud, Sharjah",55.39045796,25.34640794,"Arabian, Middle Eastern",15.0,Euro(EUR),False,False,False,False,3,4.2,Green,Very Good,444,United Arab Emirates
RESTO82789f,5600701,Nando's,214,Sharjah,"Ground level, Block D, Qanat Al Qasba, Al Khan, Sharjah","Al Qasba, Al Khan","Al Qasba, Al Khan, Sharjah",55.376027,25.32188994,"African, Portuguese",40.0,Euro(EUR),False,True,False,False,4,4.2,Green,Very Good,265,United Arab Emirates
RESTOa81dbc,5601404,Peking Chinese Restaurant,214,Sharjah,"Opposite Spinneys Roundabout, Estiqlal Square, Halwan Suburb, Sharjah",Halwan Suburb,"Halwan Suburb, Sharjah",55.39922744,25.34839077,"Chinese, Thai",32.5,Euro(EUR),False,True,False,False,4,3.8,Yellow,Good,227,United Arab Emirates
RESTOc8402f,5600556,TGI Friday's,214,Sharjah,"Majaz Waterfront, Buhairah Corniche, Al Majaz 3, Al Majaz, Sharjah","Majaz Waterfront, Al Majaz 3","Majaz Waterfront, Al Majaz 3, Sharjah",55.38781766,25.32774497,"American, Mexican",62.5,Euro(EUR),False,True,False,False,4,3.9,Yellow,Good,357,United Arab Emirates
RESTO702e3a,5602055,Rajasthan Al Malaki,214,Sharjah,"Behind DPS Sharjah Primary School, Muwailih Commercial, Sharjah",Muwailih Commercial,"Muwailih Commercial, Sharjah",55.45195531,25.2887722,"Indian, North Indian",15.0,Euro(EUR),False,False,False,False,3,4.8,Dark Green,Excellent,459,United Arab Emirates
RESTO092939,5601521,Applebee's,214,Sharjah,"Opposite Jumbo Electronics, Level 2, Sahara Centre, Al Nahda, Sharjah","Sahara Centre, Al Nahda","Sahara Centre, Al Nahda, Sharjah",55.37353624,25.29782287,"American, Mexican, Burger",62.5,Euro(EUR),False,True,False,False,4,4.1,Green,Very Good,197,United Arab Emirates
RESTOabed98,5602377,Paper Fig,214,Sharjah,"Near Dubai Islamic Bank, Muweilah, University City, Sharjah",University City,"University City, Sharjah",55.45834266,25.3084123,"Cafe, Bakery, Desserts",37.5,Euro(EUR),False,False,False,False,4,4.5,Dark Green,Excellent,143,United Arab Emirates
RESTO65bc38,5602884,Sis Burger,214,Sharjah,"Behind ADNOC Petrol Station,
Univercity City Road, University City, Sharjah",University City,"University City, Sharjah",55.45425095,25.31127229,"Fast Food, Burger",12.5,Euro(EUR),False,False,False,False,2,3.8,Yellow,Good,12,United Arab Emirates
RESTOecc9a2,5602942,Crafted Blends,214,Sharjah,"Next To Super Bonanza Hyper Market, Opposite Defence Camp, University City, Sharjah",University City,"University City, Sharjah",55.460279,25.310369,Cafe,27.5,Euro(EUR),False,False,False,False,4,4.2,Green,Very Good,43,United Arab Emirates
RESTO56eb1e,7600803,Loudons Cafe & Bakery,215,Edinburgh,"94b Fountainbridge, Fountainbridge, Edinburgh EH3 9QA",Fountainbridge,"Fountainbridge, Edinburgh",-3.208363,55.943501,"Cafe, Bakery",36.15,Euro(EUR),False,False,False,False,3,3.9,Yellow,Good,63,United Kingdom
RESTObeec65,7600217,La Favorita,215,Edinburgh,"325-331 Leith Walk, Leith, Edinburgh EH6 8SA",Leith,"Leith, Edinburgh",-3.176858333,55.96466944,Italian,36.15,Euro(EUR),False,False,False,False,3,4.5,Dark Green,Excellent,329,United Kingdom
RESTOa936d1,7600902,Mimi's Bakehouse,215,Edinburgh,"63 Shore, Leith, Edinburgh EH6 6RA",Leith,"Leith, Edinburgh",-3.171327778,55.97509722,"Cafe, Bakery, Desserts",42.17,Euro(EUR),False,False,False,False,3,4.6,Dark Green,Excellent,130,United Kingdom
RESTO7a58d9,7601577,Roseleaf Bar Cafe,215,Edinburgh,"23-24 Sandport Place, Leith, Edinburgh EH6 6EW",Leith,"Leith, Edinburgh",-3.173679,55.976644,"Scottish, Cafe",54.22,Euro(EUR),False,False,False,False,3,4.7,Dark Green,Excellent,163,United Kingdom
RESTOe66500,7601241,The Kitchin,215,Edinburgh,"78 Commercial Street, Leith, Edinburgh EH6 6LX",Leith,"Leith, Edinburgh",-3.172778,55.97698,"British, French",108.44,Euro(EUR),False,False,False,False,4,4.4,Green,Very Good,275,United Kingdom
RESTO9bd3d6,7602204,El Cartel,215,Edinburgh,"64 Thistle Street, New Town, Edinburgh EH2 1EN",New Town,"New Town, Edinburgh",-3.199521,55.95404,Mexican,36.15,Euro(EUR),False,False,False,False,3,3.8,Yellow,Good,31,United Kingdom
RESTO8e7308,7601102,Chaophraya,215,Edinburgh,"4th Floor, 33 Castle Street, New Town, Edinburgh EH2 3DN",New Town,"New Town, Edinburgh",-3.203159,55.952221,Thai,60.25,Euro(EUR),True,False,False,False,4,4.3,Green,Very Good,61,United Kingdom
RESTO56e0ee,7600062,Hard Rock Cafe,215,Edinburgh,"20 George Street, New Town, Edinburgh EH2 2PF",New Town,"New Town, Edinburgh",-3.196294444,55.95349444,American,48.2,Euro(EUR),False,False,False,False,3,4.0,Green,Very Good,154,United Kingdom
RESTO644674,7602340,The Boozy Cow,215,Edinburgh,"17 Frederick Street, New Town, Edinburgh EH2 2EY",New Town,"New Town, Edinburgh",-3.199569,55.951974,"Burger, Grill",48.2,Euro(EUR),False,False,False,False,3,4.0,Green,Very Good,36,United Kingdom
RESTOc390c9,7601106,10 To 10 In Delhi,215,Edinburgh,"67 Nicolson Street, Old Town, Edinburgh EH8 9BE",Old Town,"Old Town, Edinburgh",-3.184344444,55.94543056,"Indian, Cafe",24.1,Euro(EUR),False,False,False,False,2,3.8,Yellow,Good,73,United Kingdom
RESTO2ca519,7602219,Bentoya,215,Edinburgh,"15 Bread Street, Old Town, Edinburgh EH3 9AL",Old Town,"Old Town, Edinburgh",-3.204735,55.945895,"Sushi, Japanese, Cantonese",30.12,Euro(EUR),False,False,False,False,2,3.8,Yellow,Good,32,United Kingdom
RESTO796ce6,7602224,Civerinos,215,Edinburgh,"5 Hunter Square, Royal Mile, Old Town, Edinburgh EH1 1QW",Old Town,"Old Town, Edinburgh",-3.187962,55.949637,"Pizza, Italian",42.17,Euro(EUR),False,False,False,False,3,3.7,Yellow,Good,27,United Kingdom
RESTO6c335d,7600471,The Elephant House,215,Edinburgh,"21 George IV Bridge, Old Town, Edinburgh EH1 1EN",Old Town,"Old Town, Edinburgh",-3.191780556,55.94755556,Cafe,36.15,Euro(EUR),False,False,False,False,3,3.9,Yellow,Good,81,United Kingdom
RESTO6005f5,7600118,The Hanging Bat,215,Edinburgh,"133 Lothian Road, Old Town, Edinburgh EH3 9AD",Old Town,"Old Town, Edinburgh",-3.205522222,55.94562222,American,42.17,Euro(EUR),False,False,False,False,3,3.5,Yellow,Good,31,United Kingdom
RESTO25b4b8,7600097,Love Crumbs,215,Edinburgh,"155 West Port, Old Town, Edinburgh EH3 9DP",Old Town,"Old Town, Edinburgh",-3.201683333,55.94595,"Bakery, Cafe",18.07,Euro(EUR),False,False,False,False,2,4.1,Green,Very Good,57,United Kingdom
RESTOb8d551,7600188,Mother India's Cafe,215,Edinburgh,"3-5 Infirmary Street, Old Town, Edinburgh EH1 1LT",Old Town,"Old Town, Edinburgh",-3.18625,55.94800278,Indian,30.12,Euro(EUR),False,False,False,False,2,4.4,Green,Very Good,279,United Kingdom
RESTO31d0ab,7600914,The Witchery & The Secret Garden,215,Edinburgh,"Castlehill, The Royal Mile, Old Town, Edinburgh EH12NF",Old Town,"Old Town, Edinburgh",-3.19575,55.94828056,"British, Scottish, Seafood",120.49,Euro(EUR),True,False,False,False,4,4.1,Green,Very Good,200,United Kingdom
RESTO829a74,7601024,Ting Thai Caravan,215,Edinburgh,"8-9 Teviot Place, Old Town, Edinburgh EH1 2QZ",Old Town,"Old Town, Edinburgh",-3.189979,55.945676,"Thai, Asian",24.1,Euro(EUR),False,False,False,False,2,4.1,Green,Very Good,84,United Kingdom
RESTOfdb710,7601177,Tuk Tuk Indian Street Food,215,Edinburgh,"1 Leven Street, Tollcross, Edinburgh EH3 9NB",Tollcross,"Tollcross, Edinburgh",-3.203588889,55.94190278,"Indian, Street Food",24.1,Euro(EUR),False,False,False,False,2,4.0,Green,Very Good,76,United Kingdom
RESTO997c4f,7600921,Steak,215,Edinburgh,"14 Picardy Place, New Town, Edinburgh EH1 3JT","Twelve Picardy Place, New Town","Twelve Picardy Place, New Town, Edinburgh",-3.186854,55.957033,"Steak, Scottish, British",66.27,Euro(EUR),False,False,False,False,4,4.2,Green,Very Good,64,United Kingdom
RESTO1d0984,6118140,Gymkhana,215,London,"42 Albemarle Street, Mayfair, London W1S 4JH","Albemarle Street, Mayfair","Albemarle Street, Mayfair, London",-0.141645,51.508515,"Indian, Pakistani, Curry",96.39,Euro(EUR),True,False,False,False,4,4.7,Dark Green,Excellent,214,United Kingdom
RESTO78189b,6103683,Bocca Di Lupo,215,London,"12 Archer Street, Soho, London W1D 7BB","Archer Street, Soho","Archer Street, Soho, London",-0.133947,51.511629,Italian,54.22,Euro(EUR),False,False,False,False,3,4.5,Dark Green,Excellent,571,United Kingdom
RESTOe1162d,6114338,Flat Iron,215,London,"17 Beak Street, Soho, London W1F 9RW","Beak Street, Soho","Beak Street, Soho, London",-0.138343,51.512069,Steak,42.17,Euro(EUR),False,False,False,False,2,4.9,Dark Green,Excellent,309,United Kingdom
RESTO0d36de,6114829,Duck & Waffle,215,London,"Heron Tower, 110 Bishopsgate, City of London, London EC2N 4AY","Bishopsgate, City Of London","Bishopsgate, City Of London, London",-0.080963,51.516284,British,66.27,Euro(EUR),False,False,False,False,3,4.9,Dark Green,Excellent,706,United Kingdom
RESTO1ac4e3,6103922,Dishoom,215,London,"7 Boundary Street, Shoreditch, London E2 7JE","Boundary Street, Shoreditch","Boundary Street, Shoreditch, London",-0.076580556,51.52453611,"Indian, Cafe, Curry",66.27,Euro(EUR),False,False,False,False,3,4.5,Dark Green,Excellent,305,United Kingdom
RESTO8a18c6,6103902,Yauatcha,215,London,"15-17 Broadwick Street, Soho, London W1F 0DL","Broadwick Street, Soho","Broadwick Street, Soho, London",-0.135229,51.513739,"Chinese, Dim Sum",108.44,Euro(EUR),True,False,False,False,4,4.7,Dark Green,Excellent,1326,United Kingdom
RESTO8d65c2,6103255,Roka,215,London,"37 Charlotte Street, Fitzrovia, London W1T 1RR","Charlotte Street, Fitzrovia","Charlotte Street, Fitzrovia, London",-0.135524,51.518935,"Japanese, Sushi",72.3,Euro(EUR),False,False,False,False,3,4.6,Dark Green,Excellent,436,United Kingdom
RESTO0d4f52,6113680,Restaurant Gordon Ramsay,215,London,"68 Royal Hospital Road, Chelsea, London SW3 4HP",Chelsea,Chelsea,-0.162092,51.485509,French,277.13,Euro(EUR),False,False,False,False,4,4.7,Dark Green,Excellent,320,United Kingdom
RESTO15602c,6113857,sketch Gallery,215,London,"sketch, 9 Conduit Street, Mayfair, London W1S 2XG","Conduit Street, Mayfair","Conduit Street, Mayfair, London",-0.141557,51.512669,"British, Contemporary",120.49,Euro(EUR),False,False,False,False,4,4.5,Dark Green,Excellent,148,United Kingdom
RESTO6f47a9,6100054,Masala Zone,215,London,"48 Floral Street, Covent Garden, London WC2E 9DA",Covent Garden,Covent Garden,-0.123132,51.513196,"Indian, Curry",36.15,Euro(EUR),True,False,False,False,2,4.1,Green,Very Good,316,United Kingdom
RESTO006c0c,6102615,The Breakfast Club,215,London,"33 D'Arblay Street, Soho, London W1F 8EU","D'arblay Street, Soho","D'arblay Street, Soho, London",-0.135463889,51.51481111,"American, Burger",48.2,Euro(EUR),False,False,False,False,3,4.5,Dark Green,Excellent,313,United Kingdom
RESTO82e2a6,6127163,Bao,215,London,"53 Lexington Street, Soho, London W1F 9AS","Lexington Street, Soho","Lexington Street, Soho, London",-0.136576,51.513225,"Taiwanese, Street Food",24.1,Euro(EUR),False,False,False,False,2,4.9,Dark Green,Excellent,161,United Kingdom
RESTOc0b4cb,6117406,Five Guys,215,London,"1-3 Long Acre, Covent Garden, London WC2E 9LH","Long Acre, Covent Garden","Long Acre, Covent Garden, London",-0.126324,51.512085,"American, Burger",36.15,Euro(EUR),False,False,False,False,2,3.8,Yellow,Good,400,United Kingdom
RESTO33b6b9,6102866,Hakkasan,215,London,"17 Bruton Street, Mayfair, London W1J 6QB",Mayfair,Mayfair,-0.144861,51.510342,"Chinese, Dim Sum",144.59,Euro(EUR),True,False,False,False,4,4.8,Dark Green,Excellent,395,United Kingdom
RESTOcd6e90,6103868,Nobu,215,London,"15 Berkeley Street, Mayfair, London W1J 8DY",Mayfair,Mayfair,-0.143259,51.508811,"Japanese, Sushi",120.49,Euro(EUR),True,False,False,False,4,4.4,Green,Very Good,311,United Kingdom
RESTO03b7b2,6104220,Roti Chai,215,London,"3 Portman Mews South, Marble Arch, London W1H 6HS","Portman Mews South, Marble Arch","Portman Mews South, Marble Arch, London",-0.155732,51.514641,"Indian, Street Food",54.22,Euro(EUR),True,False,False,False,3,4.5,Dark Green,Excellent,367,United Kingdom
RESTOfeb448,6117859,Shake Shack,215,London,"24 Market Building, The Piazza, Covent Garden, London WC2E 8RD","Tavistock Court, Covent Garden","Tavistock Court, Covent Garden, London",-0.12262,51.511682,"American, Burger",36.15,Euro(EUR),False,False,False,False,2,4.1,Green,Very Good,473,United Kingdom
RESTO6bc0e3,6103211,Dishoom,215,London,"12 Upper St Martin's Lane, Covent Garden, London WC2H 9FB","Upper St Martin's Lane, Covent Garden","Upper St Martin's Lane, Covent Garden, London",-0.127164,51.512417,"Indian, North Indian, Curry, Cafe",42.17,Euro(EUR),False,False,False,False,2,4.7,Dark Green,Excellent,964,United Kingdom
RESTO3c208c,6101881,Jamie's Italian,215,London,"11 Upper St Martin's Lane, Covent Garden, London WC2H 9FB","Upper St Martin's Lane, Covent Garden","Upper St Martin's Lane, Covent Garden, London",-0.126963,51.51259,Italian,60.25,Euro(EUR),False,False,False,False,3,4.3,Green,Very Good,271,United Kingdom
RESTOb9a21a,6113973,Bone Daddies,215,London,"31 St. Peter Street, Soho, London W1F 0AR","Walker's Court, Soho","Walker's Court, Soho, London",-0.133789,51.512627,"Ramen, Japanese",48.2,Euro(EUR),False,False,False,False,3,4.6,Dark Green,Excellent,418,United Kingdom
RESTOebfb72,6800280,Monolos Playhouse Restaurant,215,Manchester,"137 Cheetham Hill Road, Cheetham Hill, Manchester M8 8LY",Cheetham Hill,"Cheetham Hill, Manchester",-2.239385,53.494691,"American, Fast Food, Desserts, Steak",36.15,Euro(EUR),False,False,False,False,2,3.3,Orange,Average,14,United Kingdom
RESTOe38e97,6800443,Santos,215,Manchester,"22 King Edward's Buildings, Bury Old Road, Cheetham Hill, Manchester M7 4QJ",Cheetham Hill,"Cheetham Hill, Manchester",-2.246548,53.513525,"Pizza, Fast Food",24.1,Euro(EUR),False,False,False,False,2,3.3,Orange,Average,23,United Kingdom
RESTOf1d2c4,6801867,Manchester House,215,Manchester,"Tower 12, 18-22 Bridge Street, Deansgate, Manchester M3 3BZ",Deansgate,"Deansgate, Manchester",-2.250806,53.48124,British,102.42,Euro(EUR),False,False,False,False,4,4.0,Green,Very Good,52,United Kingdom
RESTOe4ac3c,6800235,The Grill On The Alley,215,Manchester,"5 RIdgefield, Deansgate, Manchester M2 6EG",Deansgate,"Deansgate, Manchester",-2.247333333,53.48083333,"Steak, Seafood, Grill",66.27,Euro(EUR),False,False,False,False,3,4.4,Green,Very Good,704,United Kingdom
RESTO650ad2,6801051,Nawaab,215,Manchester,"1008 Stockport Road, Levenshulme, Manchester M19 3WN",Levenshulme,"Levenshulme, Manchester",-2.189833333,53.44183333,"Pakistani, Indian, Afghani, Curry",42.17,Euro(EUR),False,False,False,False,2,3.9,Yellow,Good,150,United Kingdom
RESTO60fa7a,6800577,Jamie's Italian,215,Manchester,"100 King Street, Market Street, Manchester M2 4WU",Market Street,"Market Street, Manchester",-2.242833333,53.48083333,Italian,60.25,Euro(EUR),False,False,False,False,3,3.9,Yellow,Good,88,United Kingdom
RESTOb62f1e,6800569,Chaophraya,215,Manchester,"19 Chapel Walks, City Center, Market Street, Manchester M2 1HN",Market Street,"Market Street, Manchester",-2.243505,53.48174,Thai,84.34,Euro(EUR),True,False,False,False,4,4.3,Green,Very Good,422,United Kingdom
RESTO3190a5,6801374,Solita,215,Manchester,"37 Turner Street, Northern Quarter, Manchester M4 1DW",Northern Quarter,"Northern Quarter, Manchester",-2.237333333,53.4835,"American, Burger, Grill",60.25,Euro(EUR),False,False,False,False,3,4.9,Dark Green,Excellent,162,United Kingdom
RESTOfd0403,6801963,Almost Famous Burgers,215,Manchester,"100-102 High Street, Northern Quarter, Manchester M4 1HP",Northern Quarter,"Northern Quarter, Manchester",-2.237033,53.484543,"Burger, American",48.2,Euro(EUR),False,False,False,False,3,4.0,Green,Very Good,86,United Kingdom
RESTO4e8015,6801329,Home Sweet Home,215,Manchester,"49-51 Edge Street, Northern Quarter, Manchester M4 1HW",Northern Quarter,"Northern Quarter, Manchester",-2.236,53.48416667,"British, Burger, Cafe",36.15,Euro(EUR),False,False,False,False,2,4.1,Green,Very Good,82,United Kingdom
RESTOa56633,6801395,Teacup,215,Manchester,"55 Thomas Street, Northern Quarter, Manchester M4 1NA",Northern Quarter,"Northern Quarter, Manchester",-2.236507,53.484099,"British, Contemporary",54.22,Euro(EUR),False,False,False,False,3,4.1,Green,Very Good,98,United Kingdom
RESTO0a7e3d,6800538,Archies,215,Manchester,"72 Oxford Road, University District, Oxford Road, Manchester M1 5NH",Oxford Road,"Oxford Road, Manchester",-2.241047,53.474221,"Fast Food, American",18.07,Euro(EUR),False,False,False,False,1,3.4,Orange,Average,25,United Kingdom
RESTO59cac5,6800593,Zouk Tea Bar & Grill,215,Manchester,"The Quadrangle, Chester Street, Oxford Road, Manchester M1 5QS",Oxford Road,"Oxford Road, Manchester",-2.24042,53.472433,"Indian, Seafood",60.25,Euro(EUR),False,False,False,False,3,3.6,Yellow,Good,101,United Kingdom
RESTO778ccc,6800908,Mughli,215,Manchester,"30 Wilmslow Road, Rusholme, Manchester M14 5TQ",Rusholme,"Rusholme, Manchester",-2.225333333,53.456,"Indian, Curry",42.17,Euro(EUR),False,False,False,False,2,4.5,Dark Green,Excellent,110,United Kingdom
RESTO41ef8f,6800678,Lahore,215,Manchester,"14-18 Wilmslow Road, Rusholme, Manchester M14 5TQ",Rusholme,"Rusholme, Manchester",-2.225333333,53.45583333,"Indian, Grill",30.12,Euro(EUR),False,False,False,False,2,3.7,Yellow,Good,48,United Kingdom
RESTOcff824,6800892,Gaucho,215,Manchester,"2A St Mary's Street, Spinningfields, Manchester M3 2LB",Spinningfields,"Spinningfields, Manchester",-2.247633,53.482261,"Argentine, American",96.39,Euro(EUR),False,False,False,False,4,4.5,Dark Green,Excellent,602,United Kingdom
RESTO7eaab3,6800263,Akbars,215,Manchester,"73-83 Liverpool Road, Spinningfields, Manchester M3 4NQ",Spinningfields,"Spinningfields, Manchester",-2.254833333,53.4765,Indian,36.15,Euro(EUR),False,False,False,False,2,4.2,Green,Very Good,383,United Kingdom
RESTOd00a52,6801039,San Carlo,215,Manchester,"40-42 King Street West, Spinningfields, Manchester M3 2WY",Spinningfields,"Spinningfields, Manchester",-2.248848,53.481413,Italian,30.12,Euro(EUR),False,False,False,False,2,4.3,Green,Very Good,745,United Kingdom
RESTO02c41c,6801873,Mr Cooper's House & Garden - The Midland,215,Manchester,"The Midland, Peter Street, Deansgate, Manchester M60 2DS","The Midland, Deansgate","The Midland, Deansgate, Manchester",-2.245034,53.477358,"European, Mediterranean, Contemporary",66.27,Euro(EUR),True,False,False,False,3,4.2,Green,Very Good,67,United Kingdom
RESTO2be2a7,6800782,The French by Simon Rogan - The Midland,215,Manchester,"The Midland, Peter Street, Deansgate, Manchester M60 2DS","The Midland, Deansgate","The Midland, Deansgate, Manchester",-2.245077,53.477154,French,192.79,Euro(EUR),False,False,False,False,4,4.3,Green,Very Good,114,United Kingdom
RESTO9a7092,6001980,Timboo Cafe,208,Ankara,"Armada AVM, Kat -1, Eskişehir Yolu, No 6, Yenimahalle, Ankara","Armada AVM, Sütöz, Yenimahalle","Armada AVM, Sütöz, Yenimahalle, Ankara",32.80924722,39.91320556,Cafe,1.92,Euro(EUR),False,False,False,False,3,4.2,Green,Very Good,134,Turkey
RESTO505174,6000168,Hattena Hatay  Sofras۱,208,Ankara,"Balgat Mahallesi, Osmanl۱ Caddesi, No 41/A, Çankaya, Ankara",Balgat,"Balgat, Ankara",32.82121389,39.90597222,Kebab,1.92,Euro(EUR),False,False,False,False,3,4.6,Dark Green,Excellent,124,Turkey
RESTOaf6535,6000447,Masabaşı Kebapçısı,208,Ankara,"Balgat Mahallesi, Ziyabey Caddesi, No 35, Çankaya, Ankara",Balgat,"Balgat, Ankara",32.8203,39.91069722,"Kebab, Turkish Pizza",2.75,Euro(EUR),False,False,False,False,3,4.2,Green,Very Good,212,Turkey
RESTO6c0f71,6004408,Turta Home Cafe,208,Ankara,"Mutlukent Mahallesi, 1944. Cadde, 1948. Sokak, No 15, Çankaya, Ankara",Çayyolu,"Çayyolu, Ankara",32.70474167,39.89479444,"Cafe, Desserts",0.96,Euro(EUR),False,False,False,False,2,4.3,Green,Very Good,126,Turkey
RESTO8c9907,6003426,Liva,208,Ankara,"Çukurambar Mahallesi, Muhsin Yaz۱c۱oÜlu Caddesi, No 3, Çankaya, Ankara",Çukurambar,"Çukurambar, Ankara",32.809146,39.904709,"Patisserie, Coffee and Tea",1.37,Euro(EUR),False,False,False,False,2,3.4,Orange,Average,115,Turkey
RESTOde7a41,6000549,Meşhur Tavac۱ Recep Usta,208,Ankara,"Güzeltepe Mahallesi, Dikmen Vadisi, Hoşdere Girişi, Çankaya, Ankara",Dikmen,"Dikmen, Ankara",32.84618889,39.88487222,Kebab,2.75,Euro(EUR),False,False,False,False,3,4.5,Dark Green,Excellent,231,Turkey
RESTOad5107,6000871,Çukurağa Sofras۱,208,Ankara,"Emek Mahallesi, Bosna Hersek Caddesi, No 22/C, Çankaya, Ankara",Emek,"Emek, Ankara",32.81883333,39.91666667,"Kebab, Izgara",1.65,Euro(EUR),False,False,False,False,3,4.4,Green,Very Good,296,Turkey
RESTOd1bb86,6004011,Gaga Manjero,208,Ankara,"Gazi Osman Paşa Mahallesi, Filistin Caddesi, No 21, Çankaya, Ankara",Gazi Osman Paşa,"Gazi Osman Paşa, Ankara",32.8698,39.89823889,World Cuisine,2.2,Euro(EUR),False,False,False,False,3,4.9,Dark Green,Excellent,95,Turkey
RESTO329d6a,6000409,Cafemiz,208,Ankara,"Gaziosmanpaşa Mahallesi, Arjantin Caddesi, No 19, Çankaya, Ankara",Gazi Osman Paşa,"Gazi Osman Paşa, Ankara",32.86568333,39.89787222,"World Cuisine, Mexican, Italian",4.12,Euro(EUR),False,False,False,False,4,4.4,Green,Very Good,115,Turkey
RESTO650945,6000019,Nusr-Et,208,Ankara,"Gaziosmanpaşa Mahallesi, Şehit Ömer Haluk SipahioÜlu Sokak, No 8, Çankaya, Ankara",Gazi Osman Paşa,"Gazi Osman Paşa, Ankara",32.86483333,39.89966667,Steak,10.98,Euro(EUR),False,False,False,False,4,4.1,Green,Very Good,97,Turkey
RESTO92f460,6001537,Kebap 49,208,Ankara,"Remzi Oğuz Ar۱k Mahallesi, Tunal۱ Hilmi Caddesi, Bülten Sokak, No 5, Çankaya, Ankara",Kavakl۱dere,"Kavakl۱dere, Ankara",32.86014444,39.90727222,"Kebab, Turkish Pizza",1.65,Euro(EUR),False,False,False,False,3,4.3,Green,Very Good,106,Turkey
RESTOa10fe6,6003668,Timboo Cafe,208,Ankara,"Kentpark AVM, Kat -1, Mustafa Kemal Mahallesi, Eskişehir Yolu 7.km, No 164, Çankaya, Ankara","Kentpark AVM, Üniversiteler, Çankaya","Kentpark AVM, Üniversiteler, Çankaya, Ankara",32.776255,39.908957,Cafe,1.92,Euro(EUR),False,False,False,False,3,4.2,Green,Very Good,79,Turkey
RESTO9660da,6001748,Meşhur Özçelik Aspava,208,Ankara,"Küçük Esat Mahallesi, Esat Caddesi, No 110/C, Çankaya, Ankara",Küçük Esat,"Küçük Esat, Ankara",32.86663333,39.90663611,"Kebab, Turkish Pizza",1.1,Euro(EUR),False,False,False,False,2,4.6,Dark Green,Excellent,109,Turkey
RESTO3777c3,6001757,Y۱ld۱z Aspava,208,Ankara,"Küçük Esat Mahallesi, Esat Caddesi, No 110/25, Çankaya, Ankara",Küçük Esat,"Küçük Esat, Ankara",32.86660833,39.90656944,"Kebab, Turkish Pizza, Döner",1.37,Euro(EUR),False,False,False,False,2,4.4,Green,Very Good,72,Turkey
RESTO9d7033,6000747,The Bigos,208,Ankara,"Mahallesi, Selanik 2 Caddesi, No 61/A, Çankaya, Ankara",K۱z۱lay,"K۱z۱lay, Ankara",32.85791667,39.91668611,Cafe,2.2,Euro(EUR),False,False,False,False,3,3.8,Yellow,Good,123,Turkey
RESTOb401ee,6002025,Masabaşı,208,Ankara,"Kocatepe Mahallesi, Mithatpaşa Caddesi, No 62/A, Çankaya, Ankara",K۱z۱lay,"K۱z۱lay, Ankara",32.85986667,39.91914444,"Kebab, Turkish Pizza",2.75,Euro(EUR),False,False,False,False,3,4.2,Green,Very Good,103,Turkey
RESTOea0309,6003879,Zigana Pide,208,Ankara,"Macun Mahallesi, Erciyes İşyerleri Sitesi, 201. Cadde, No 6, Yenimahalle, Ankara",Macunköy,"Macunköy, Ankara",32.76337778,39.94627778,Turkish Pizza,1.37,Euro(EUR),False,False,False,False,2,4.3,Green,Very Good,103,Turkey
RESTO73804e,6004089,Döveroğlu,208,Ankara,"Maltepe Mahallesi, Gençlik Caddesi, No 28, Çankaya, Ankara",Maltepe,"Maltepe, Ankara",32.84274167,39.92253611,"Kebab, Desserts, Turkish Pizza",1.92,Euro(EUR),False,False,False,False,3,4.4,Green,Very Good,131,Turkey
RESTO1d78b9,6000921,Döveroğlu,208,Ankara,"Ümitköy Mahallesi, 2432. Cadde (8. Cadde), No 113, Çankaya, Ankara",Ümitköy,"Ümitköy, Ankara",32.701775,39.89156389,"Kebab, Desserts, Turkish Pizza",1.92,Euro(EUR),False,False,False,False,3,4.2,Green,Very Good,152,Turkey
RESTOb1c3bc,6004813,Pizza Ül Forno,208,Ankara,"Y۱ld۱zevler Mahallesi, 720. Sokak, No 2/B, Çankaya, Ankara",Y۱ld۱zevler,"Y۱ld۱zevler, Ankara",32.86021667,39.87623889,Pizza,1.1,Euro(EUR),False,False,False,False,2,4.7,Dark Green,Excellent,104,Turkey
RESTOad883e,5904116,J'adore Chocolatier,208,İstanbul,"Asmal۱mescit Mahallesi, İstiklal Caddesi, Emir Nevruz Sokak, No 2/H, Beyoğlu, İstanbul",Asmal۱mescit,"Asmal۱mescit, İstanbul",28.97612661,41.03300186,Desserts,1.37,Euro(EUR),False,False,False,False,2,4.7,Dark Green,Excellent,1311,Turkey
RESTO509b2f,5901782,Starbucks,208,İstanbul,"Bebek Mahallesi, Cevdetpaşa Caddesi, No 30/A, Beşiktaş, İstanbul",Bebek,"Bebek, İstanbul",29.04373437,41.07769599,Cafe,0.82,Euro(EUR),False,False,False,False,2,4.9,Dark Green,Excellent,1042,Turkey
RESTOc25c3d,5902117,Valonia,208,İstanbul,"Türkali Mahallesi, Ihlamurdere Caddesi, No 40/B, Beşiktaş, İstanbul",Beşiktaş Merkez,"Beşiktaş Merkez, İstanbul",29.0028964,41.04481318,"Restaurant Cafe, Desserts",2.2,Euro(EUR),False,False,False,False,3,4.2,Green,Very Good,874,Turkey
RESTOa5bcbc,5927248,Draft Gastro Pub,208,İstanbul,"Caddebostan Mahallesi, Bağdat Caddesi, No 349, Kat 1, Kadıköy, İstanbul",Caddebostan,"Caddebostan, İstanbul",29.07411609,40.96393456,Bar Food,3.57,Euro(EUR),False,False,False,False,4,4.9,Dark Green,Excellent,522,Turkey
RESTO6bdf91,5905215,Emirgan Sütlü,208,İstanbul,"Emirgan Mahallesi, Sak۱p Sabanc۱ Caddesi, No 46, Sar۱yer, İstanbul",Emirgan,"Emirgan, İstanbul",29.05662037,41.10496881,"Restaurant Cafe, Turkish, Desserts",2.06,Euro(EUR),False,False,False,False,3,4.2,Green,Very Good,877,Turkey
RESTO77d761,5926979,Leman Kültür,208,İstanbul,"Caferaria Mahallesi, Neşet Ömer Sokak, No 9/A, Kadıköy, İstanbul",Kadıköy Merkez,"Kadıköy Merkez, İstanbul",29.02280476,40.98970497,Restaurant Cafe,2.2,Euro(EUR),False,False,False,False,3,3.7,Yellow,Good,506,Turkey
RESTO64cd73,5916085,Dem Karaköy,208,İstanbul,"Kemankeş Karamustafa Paşa Mahallesi, Hoca Tahsin Sokak, No 17, Beyoğlu, İstanbul",Karaköy,"Karaköy, İstanbul",28.9782365,41.02463331,Cafe,0.96,Euro(EUR),False,False,False,False,2,4.5,Dark Green,Excellent,761,Turkey
RESTO60deea,5915547,Karaköy Güllüoğlu,208,İstanbul,"Kemankeş Karamustafa Paşa Mahallesi, R۱ht۱m Caddesi, Katl۱ Otopark Alt۱, No 4, Beyoğlu, İstanbul",Karaköy,"Karaköy, İstanbul",28.97763569,41.02290443,"Desserts, Börek",1.1,Euro(EUR),False,False,False,False,2,4.7,Dark Green,Excellent,1305,Turkey
RESTOb74324,5915054,Baltazar,208,İstanbul,"Kemankeş Karamustafa Paşa Mahallesi, Kılıç Ali Paşa Mescidi Sokak, No 12/A, Beyoğlu, İstanbul",Karaköy,"Karaköy, İstanbul",28.98110311,41.02578494,"Burger, Izgara",2.47,Euro(EUR),False,False,False,False,3,4.3,Green,Very Good,870,Turkey
RESTO8fa2bd,5915730,Naml۱ Gurme,208,İstanbul,"Kemankeş Karamustafa Paşa Mahallesi, R۱ht۱m Caddesi, No 1/1, Katl۱ Otopark Alt۱,  Beyoğlu, İstanbul",Karaköy,"Karaköy, İstanbul",28.97739161,41.02279314,Turkish,2.2,Euro(EUR),False,False,False,False,3,4.1,Green,Very Good,788,Turkey
RESTOa385f6,5908749,Ceviz Ağaç,208,İstanbul,"Koşuyolu Mahallesi, Muhittin Üstündağ Caddesi, No 85, Kadıköy, İstanbul",Koşuyolu,"Koşuyolu, İstanbul",29.04129725,41.00984672,"World Cuisine, Patisserie, Cafe",2.88,Euro(EUR),False,False,False,False,3,4.2,Green,Very Good,1034,Turkey
RESTO03b4d9,5915807,Huqqa,208,İstanbul,"Kuruçeşme Mahallesi, Muallim Naci Caddesi, No 56, Beşiktaş, İstanbul",Kuruçeşme,"Kuruçeşme, İstanbul",29.03464001,41.05581715,"Italian, World Cuisine",4.67,Euro(EUR),False,False,False,False,4,3.7,Yellow,Good,661,Turkey
RESTOc13bf5,5916112,Aşık Kahve,208,İstanbul,"Kuruçeşme Mahallesi, Muallim Naci Caddesi, No 64/B, Beşiktaş, İstanbul",Kuruçeşme,"Kuruçeşme, İstanbul",29.036019,41.057979,Restaurant Cafe,3.29,Euro(EUR),False,False,False,False,4,4.0,Green,Very Good,901,Turkey
RESTO65d6aa,5927402,Walter's Coffee Roastery,208,İstanbul,"Cafearia Mahallesi, Bademalt۱ Sokak, No 21/B, Kadıköy, İstanbul",Moda,"Moda, İstanbul",29.02601603,40.98477563,Cafe,1.51,Euro(EUR),False,False,False,False,2,4.0,Green,Very Good,591,Turkey
